"name"                         ,"ra"          ,"dec"         ,"alt"                 ,"az"
"AR And"                       ,"26.26250000" ,"37.94250000" ,"21.373529491887503"  ,"56.20487333234108"
"DX And"                       ,"352.44166667","43.75111111" ,"58.19351256014237"   ,"278.3393292742272"
"EG And"                       ,"11.15416667" ,"40.67916667" ,"11.702744174061248"  ,"320.9272750803268"
"FN And"                       ,"17.98750000" ,"35.29000000" ,"68.2553430895358"    ,"239.5178355550937"
"FO And"                       ,"18.88333333" ,"37.62638889" ,"76.68121473541699"   ,"214.9355250123634"
"LS And"                       ,"8.04166667"  ,"41.96972222" ,"1.2274718429601983"  ,"354.2172081244624"
"PQ And"                       ,"37.37083333" ,"40.04416667" ,"27.750366075648916"  ,"300.1903457727773"
"RX And"                       ,"16.14583333" ,"41.29916667" ,"54.155572808752915"  ,"277.20979857624116"
"Z And"                        ,"353.41250000","48.81805556" ,"69.34850187984185"   ,"281.5703583385385"
"DH Aql"                       ,"291.54166667","-9.74222222" ,"-26.988168241439034" ,"72.75883265656691"
"FO Aql"                       ,"289.15833333","0.12694444"  ,"3.6770853552192424"  ,"94.04528537364882"
"KX Aql"                       ,"293.47083333","14.29638889" ,"-21.090869886493536" ,"32.10232646994355"
"UU Aql"                       ,"299.32500000","-8.67750000" ,"-27.82295509687759"  ,"290.308856420472"
"V0603 Aql"                    ,"282.22500000","0.58388889"  ,"38.77235822346712"   ,"205.2999166368619"
"V0725 Aql"                    ,"299.18750000","10.82555556" ,"-13.184705476348539" ,"304.3001129465399"
"V1413 Aql"                    ,"285.94166667","16.43805556" ,"46.11872028958991"   ,"125.02472256880195"
"VY Aqr"                       ,"318.03750000","-7.17333333" ,"-44.15385878984089"  ,"31.614246037553976"
"VZ Aqr"                       ,"322.60000000","-1.01194444" ,"-27.882538764367546" ,"305.32296737936105"
"SV Ari"                       ,"51.26250000" ,"19.83111111" ,"-0.8863069673495011" ,"57.65884980169542"
"TT Ari"                       ,"31.72083333" ,"15.29472222" ,"-25.651083331701827" ,"356.8171995589653"
"SS Aur"                       ,"93.34166667" ,"47.74027778" ,"71.92727033579195"   ,"83.61630582029866"
"TT Boo"                       ,"224.43333333","40.72777778" ,"0.5337426006433028"  ,"349.68866462943583"
"UZ Boo"                       ,"221.00416667","22.01500000" ,"-11.411027846082698" ,"35.40547131645559"
"AF Cam"                       ,"53.06250000" ,"58.78944444" ,"21.939143880779074"  ,"19.59836850643228"
"Z Cam"                        ,"126.30416667","73.11083333" ,"32.763515755068106"  ,"6.219649309931799"
"AM Cas"                       ,"36.59583333" ,"71.30861111" ,"41.63593526891548"   ,"335.40298647337386"
"GX Cas"                       ,"12.25416667" ,"56.87861111" ,"31.012064628360182"  ,"322.93514775860825"
"HT Cas"                       ,"17.55000000" ,"60.07666667" ,"69.83336871092847"   ,"314.40153308354945"
"KU Cas"                       ,"22.75833333" ,"57.90333333" ,"60.47883488810708"   ,"53.90987596765015"
"V0630 Cas"                    ,"357.21250000","51.46083333" ,"73.68269174947427"   ,"71.70137054246646"
"WW Cet"                       ,"2.85000000"  ,"-10.52138889","-20.946199854606515" ,"81.81794378913875"
"AL Com"                       ,"188.10416667","14.34527778" ,"54.61105291729649"   ,"165.30070462329917"
"T CrB"                        ,"239.87500000","25.92000000" ,"35.2108458559767"    ,"89.79048978377104"
"TX CVn"                       ,"191.17500000","36.76388889" ,"49.00485309637653"   ,"86.1509082742048"
"BF Cyg"                       ,"290.97083333","29.67472222" ,"9.360850091604643"   ,"54.88846612780991"
"CH Cyg"                       ,"291.13750000","50.24138889" ,"24.080502424561892"  ,"39.705023345578866"
"EM Cyg"                       ,"294.66666667","30.50777778" ,"-9.669925325199097"  ,"11.197814074475096"
"EY Cyg"                       ,"298.65000000","32.36527778" ,"1.4589062807891355"  ,"321.89882020588635"
"Q Cyg"                        ,"325.42916667","42.84138889" ,"30.094101807272395"  ,"302.08911965029904"
"SS Cyg"                       ,"325.67500000","43.58583333" ,"32.635242393181734"  ,"300.74448340427176"
"V0404 Cyg"                    ,"306.01250000","33.86722222" ,"67.41443239146494"   ,"236.36680371199006"
"V0476 Cyg"                    ,"299.60000000","53.61833333" ,"24.828465711665075"  ,"325.07392813575393"
"V0503 Cyg"                    ,"306.82083333","43.68944444" ,"81.01346061396434"   ,"237.74166432531712"
"V0516 Cyg"                    ,"311.78750000","41.92388889" ,"45.925226302192385"  ,"73.98078921137197"
"V0542 Cyg"                    ,"297.29166667","58.53305556" ,"19.714631287893255"  ,"345.65621612908654"
"V0630 Cyg"                    ,"323.74583333","40.67166667" ,"15.584939999908354"  ,"315.2712673880081"
"V0632 Cyg"                    ,"324.01666667","40.43861111" ,"17.32161919157486"   ,"312.5997606058867"
"V0751 Cyg"                    ,"313.05000000","44.32388889" ,"35.82008065539929"   ,"61.10816284982282"
"V0795 Cyg"                    ,"293.64166667","31.53638889" ,"-5.623398191977465"  ,"23.883647428720934"
"V0811 Cyg"                    ,"297.09583333","36.43972222" ,"-2.026846578494175"  ,"341.1999779299454"
"V1016 Cyg"                    ,"299.27083333","39.82666667" ,"11.72754822325688"   ,"319.30933354478645"
"V1028 Cyg"                    ,"300.23333333","56.94333333" ,"30.93350556361539"   ,"323.12723026548935"
"V1251 Cyg"                    ,"325.22500000","48.66194444" ,"32.20391795315663"   ,"308.90195551103784"
"V1454 Cyg"                    ,"298.40833333","35.36250000" ,"2.7127244599973963"  ,"325.9594243390601"
"V1500 Cyg"                    ,"317.90000000","48.15055556" ,"9.402942133985901"   ,"16.18278450053482"
"V1668 Cyg"                    ,"325.64583333","44.03166667" ,"32.66910940604451"   ,"301.39208190425563"
"V1819 Cyg"                    ,"298.65416667","35.70444444" ,"4.413019985741362"   ,"323.4585803433315"
"HR Del"                       ,"310.58333333","19.16083333" ,"42.756722904943175"  ,"112.47429079001859"
"AB Dra"                       ,"297.27500000","77.73972222" ,"37.7768487870733"    ,"353.16665417285657"
"AG Dra"                       ,"240.42083333","66.80277778" ,"50.103210027148954"  ,"36.068148216350345"
"DO Dra"                       ,"175.90833333","71.68888889" ,"30.758897745867422"  ,"357.8874241558653"
"AH Her"                       ,"251.04166667","25.25055556" ,"-2.1158313109021103" ,"313.8804609341931"
"AM Her"                       ,"274.05416667","49.86777778" ,"14.103887689169115"  ,"335.86263088184285"
"CH Her"                       ,"278.69166667","24.80027778" ,"29.736970303817284"  ,"274.54145198453455"
"DQ Her"                       ,"271.87500000","45.85888889" ,"4.970662946789144"   ,"356.30692346285844"
"V0443 Her"                    ,"275.52916667","23.45555556" ,"0.0219015488187328"  ,"307.3203091582527"
"V0446 Her"                    ,"284.33750000","13.24138889" ,"52.845170667026544"  ,"160.0464896657453"
"V0533 Her"                    ,"273.58333333","41.85611111" ,"4.838607237244137"   ,"337.41850243621326"
"YY Her"                       ,"273.64166667","20.98888889" ,"-14.497139370702055" ,"329.47040962396204"
"CP Lac"                       ,"333.92083333","55.61694444" ,"67.32090769749779"   ,"59.357686822120435"
"AY Lyr"                       ,"281.10833333","37.99750000" ,"61.853831803071635"  ,"260.7331945812098"
"CY Lyr"                       ,"283.17083333","26.75861111" ,"67.3859271257534"    ,"192.32852619143753"
"DM Lyr"                       ,"284.68333333","30.25916667" ,"67.07504831479298"   ,"138.42919705491303"
"LL Lyr"                       ,"278.80000000","38.33444444" ,"39.57031377615072"   ,"286.01026425752957"
"MV Lyr"                       ,"286.81666667","44.01888889" ,"56.242025573712404"  ,"79.34020362563939"
"V0344 Lyr"                    ,"281.16250000","43.37416667" ,"65.09648166630994"   ,"270.4613711933681"
"RS Oph"                       ,"267.55416667","-5.29222222" ,"-23.6353297730948"   ,"69.51480861526514"
"V0426 Oph"                    ,"271.96250000","5.86305556"  ,"-34.83454143143395"  ,"351.9936873176682"
"AG Peg"                       ,"327.75416667","12.62555556" ,"31.202946397919444"  ,"252.10634485332957"
"EF Peg"                       ,"318.76666667","14.06361111" ,"-26.140954586679516" ,"12.265202966995783"
"IP Peg"                       ,"350.78333333","18.41638889" ,"26.115030133812848"  ,"268.4160085750989"
"RU Peg"                       ,"333.50833333","12.70305556" ,"46.17043886037107"   ,"135.58998713750745"
"AX Per"                       ,"24.09166667" ,"54.25055556" ,"48.82974964745227"   ,"55.68560083683879"
"FO Per"                       ,"62.14166667" ,"51.24666667" ,"40.90687931688216"   ,"305.1754400961044"
"GK Per"                       ,"52.80000000" ,"43.90416667" ,"9.540103999720246"   ,"28.53928462824577"
"KT Per"                       ,"24.28333333" ,"50.95555556" ,"45.88018746632724"   ,"59.05372577318249"
"TZ Per"                       ,"33.45833333" ,"58.38111111" ,"19.99620106599438"   ,"344.28882353950877"
"UV Per"                       ,"32.53333333" ,"57.18916667" ,"16.928851377716068"  ,"351.48071371119863"
"UW Per"                       ,"33.12083333" ,"57.08861111" ,"17.93130840709688"   ,"346.5824824240122"
"TY Psc"                       ,"21.41250000" ,"32.38555556" ,"63.101170900936935"  ,"117.58462510020365"
"U Sco"                        ,"245.62500000","-16.12166667","-49.786289604612655" ,"45.16530962455477"
"LX Ser"                       ,"234.50000000","18.86750000" ,"57.432126424044085"  ,"207.70960916525712"
"MU Ser"                       ,"268.96666667","-13.97861111","-42.973235483384784" ,"55.354063315653285"
"UZ Ser"                       ,"272.85000000","-13.07388889","-50.49512948759468"  ,"328.56750240548956"
"AW Sge"                       ,"299.65416667","16.69111111" ,"-4.503011916289898"  ,"301.9876185010029"
"HM Sge"                       ,"295.48750000","16.74416667" ,"-24.254171403352515" ,"0.5521665696732397"
"RZ Sge"                       ,"300.82500000","17.04777778" ,"6.1625452844089565"  ,"288.9808385505057"
"WZ Sge"                       ,"301.90000000","17.70388889" ,"16.927676584155165"  ,"277.7238517254088"
"FN Sgr"                       ,"283.47500000","-17.00555556","23.991396139062086"  ,"180.74652989497517"
"BC UMa"                       ,"178.06250000","49.24472222" ,"13.571154714215297"  ,"335.5195529684179"
"BZ UMa"                       ,"133.43333333","57.81111111" ,"39.09041707048507"   ,"316.67284338570084"
"CH UMa"                       ,"151.75000000","67.54638889" ,"26.57483695064732"   ,"358.5436916622834"
"CI UMa"                       ,"154.55416667","71.92888889" ,"35.083942520474366"  ,"344.32070118933564"
"CY UMa"                       ,"164.23333333","49.68833333" ,"83.02563767875132"   ,"80.30786201879498"
"DI UMa"                       ,"138.06666667","50.89833333" ,"75.87316167443203"   ,"286.00239898596556"
"SU UMa"                       ,"123.11666667","62.60611111" ,"33.21132513449148"   ,"30.180974421602247"
"SW UMa"                       ,"129.17500000","53.47694444" ,"14.596920603821685"  ,"345.0584917731756"
"SS UMi"                       ,"237.84166667","71.75305556" ,"62.3091353809938"    ,"22.607511179541508"
"HV Vir"                       ,"200.26250000","1.89111111"  ,"-38.208964593812446" ,"345.8261685146713"
"LV Vul"                       ,"297.00000000","27.17194444" ,"-11.296709348051888" ,"339.9876258677975"
"NQ Vul"                       ,"292.30833333","20.46638889" ,"-8.377022876622988"  ,"44.91825098286283"
"PU Vul"                       ,"305.30416667","21.57166667" ,"51.957553885023046"  ,"235.89184435346868"
"PW Vul"                       ,"291.52083333","27.36583333" ,"3.2001694495983677"  ,"50.399615660452305"
"QU Vul"                       ,"306.69166667","27.84527778" ,"66.77148872047808"   ,"208.93619767998635"
"VW Vul"                       ,"314.43750000","25.50694444" ,"10.632810503305679"  ,"63.136015148088724"
"BM And"                       ,"354.40833333","48.40333333" ,"78.97584057660697"   ,"273.22335589599925"
"FG Aql"                       ,"285.59166667","-4.39472222" ,"30.175561314013105"  ,"143.5120031498404"
"FH Aql"                       ,"285.59583333","-4.39000000" ,"30.155503734988418"  ,"143.4435432866228"
"V0536 Aql"                    ,"294.73750000","10.50444444" ,"-29.596943911884434" ,"13.342511282172943"
"RW Aur"                       ,"76.95416667" ,"30.40138889" ,"-3.4833107449708267" ,"32.56234480828478"
"UY Aur"                       ,"72.94583333" ,"30.78694444" ,"28.10364760551114"   ,"74.32786612300309"
"DG Aur"                       ,"75.38750000" ,"32.56722222" ,"8.447302286266341"   ,"48.803394178868565"
"GM Aur"                       ,"73.79166667" ,"30.36638889" ,"19.979147954093538"  ,"66.31737153940092"
"GZ Aur"                       ,"75.01250000" ,"30.01888889" ,"9.297807365970232"   ,"54.24088095287192"
"HO Aur"                       ,"76.94166667" ,"31.33833333" ,"-2.562766997427392"  ,"32.324600638266915"
"PS Aur"                       ,"77.76250000" ,"32.30166667" ,"-5.359114469802329"  ,"22.17803122266125"
"V0347 Aur"                    ,"74.23750000" ,"51.51416667" ,"30.98302836869495"   ,"45.49694100360757"
"V0372 Aur"                    ,"88.67500000" ,"41.87000000" ,"59.61944816648824"   ,"272.8272588683582"
"VX Cas"                       ,"7.87500000"  ,"61.98055556" ,"21.06103042370569"   ,"357.341459042554"
"MQ Cas"                       ,"2.40416667"  ,"58.21944444" ,"34.229810355048485"  ,"38.32431572056008"
"NX Cas"                       ,"9.74583333"  ,"59.46333333" ,"21.813505018626472"  ,"342.490730445598"
"V0519 Cas"                    ,"44.19583333" ,"63.45472222" ,"74.53687340702068"   ,"17.09331057785333"
"V0545 Cas"                    ,"5.06666667"  ,"59.38694444" ,"22.466302100087624"  ,"19.29260293030529"
"V0594 Cas"                    ,"10.82500000" ,"61.91111111" ,"27.733216790134644"  ,"336.12648788027906"
"V0628 Cas"                    ,"349.35416667","60.84527778" ,"40.1663359011095"    ,"320.4396072184304"
"V0642 Cas"                    ,"3.76666667"  ,"63.84388889" ,"31.13942707734791"   ,"25.3831997744454"
"NSV 87"                       ,"3.23333333"  ,"63.77500000" ,"33.46832418157757"   ,"28.52108734200716"
"NSV 93"                       ,"3.46250000"  ,"63.75750000" ,"32.40117131383861"   ,"27.232365837313335"
"SV Cep"                       ,"335.38750000","73.67416667" ,"55.29309363233749"   ,"24.743689872919976"
"YZ Cep"                       ,"334.50416667","57.28805556" ,"62.48819212151293"   ,"55.41218889776267"
"BG Cep"                       ,"330.12500000","68.47277778" ,"67.95139105563393"   ,"339.5300896598901"
"BH Cep"                       ,"330.42500000","69.74333333" ,"67.79898834863823"   ,"344.94916317500326"
"BO Cep"                       ,"334.22500000","70.06250000" ,"61.58155325113561"   ,"27.754828411758552"
"BS Cep"                       ,"337.27083333","65.24472222" ,"44.704123902190744"  ,"36.00665680376489"
"DI Cep"                       ,"344.04583333","58.66694444" ,"17.859253066560086"  ,"355.7210592945098"
"DZ Cep"                       ,"326.23750000","58.58000000" ,"45.04708662572102"   ,"313.53451225141305"
"EH Cep"                       ,"315.85000000","67.98500000" ,"33.98218020690327"   ,"21.758837335977045"
"GM Cep"                       ,"324.57083333","57.52277778" ,"33.353880818835805"  ,"321.46472944662077"
"LO Cep"                       ,"319.92916667","61.70722222" ,"20.815080331710355"  ,"356.9115625168778"
"V0373 Cep"                    ,"325.77500000","66.11500000" ,"45.04160707544223"   ,"325.12531833529647"
"V0488 Cep"                    ,"323.82916667","57.61055556" ,"29.114164665411078"  ,"326.36722000038225"
"V0730 Cep"                    ,"343.51250000","58.90027778" ,"17.900348372758046"  ,"0.08181005078432452"
"V0517 Cyg"                    ,"311.84583333","43.74416667" ,"46.32505951651851"   ,"71.25635232235874"
"V0561 Cyg"                    ,"306.49166667","52.14472222" ,"79.71141855319942"   ,"293.64142347744826"
"V1057 Cyg"                    ,"314.72083333","44.25777778" ,"22.439272739476916"  ,"47.4815335896853"
"V1331 Cyg"                    ,"315.28750000","50.36222222" ,"23.242363856353755"  ,"38.423641476976414"
"V1393 Cyg"                    ,"308.41250000","41.32388889" ,"77.88456327746776"   ,"124.29505311915241"
"V1514 Cyg"                    ,"301.75416667","58.27805556" ,"41.5189529511897"    ,"315.49626956128225"
"V1515 Cyg"                    ,"305.95000000","42.20694444" ,"72.24621163698038"   ,"256.42463319087045"
"V1910 Cyg"                    ,"323.12916667","38.96500000" ,"10.10651542199099"   ,"320.22659107721506"
"V1938 Cyg"                    ,"323.15416667","39.66805556" ,"10.85463576300008"   ,"320.36592135194246"
"V1977 Cyg"                    ,"311.90416667","43.79027778" ,"45.805914847319556"  ,"70.73292114555171"
"V1982 Cyg"                    ,"315.97500000","50.25250000" ,"19.21220462306711"   ,"32.83912305617146"
"NSV 25614"                    ,"322.20833333","39.19805556" ,"5.114389630528295"   ,"329.79424843079966"
"CF Dra"                       ,"286.69583333","53.38250000" ,"60.41542882319422"   ,"63.14470399128322"
"KW Her"                       ,"280.35416667","12.15638889" ,"36.2993031377798"    ,"243.4652843996204"
"V1117 Her"                    ,"249.77500000","9.79861111"  ,"-24.133499522064984" ,"323.09601075850725"
"BH Lac"                       ,"338.71666667","51.50750000" ,"27.717841300221334"  ,"41.99107457499036"
"FY Lac"                       ,"338.14583333","45.52944444" ,"27.63943949284121"   ,"51.28610950307813"
"V0375 Lac"                    ,"338.67083333","40.66750000" ,"20.14929710016249"   ,"50.50841057748184"
"OQ Lyr"                       ,"284.21250000","31.20083333" ,"70.56234988762027"   ,"152.49953604278255"
"V0497 Lyr"                    ,"286.95416667","36.38583333" ,"50.957400983078365"  ,"89.02198884430625"
"V1121 Oph"                    ,"252.31250000","-13.63111111","-22.115797909257466" ,"274.5734203763558"
"XY Per"                       ,"57.40000000" ,"38.98194444" ,"1.441612314406837"   ,"338.469667796858"
"CF Per"                       ,"30.84583333" ,"57.72222222" ,"17.050582529005055"  ,"5.649482955377099"
"DN Per"                       ,"36.58333333" ,"52.74111111" ,"30.264815561977084"  ,"317.1664676372626"
"EO Per"                       ,"42.65833333" ,"57.33611111" ,"78.64048319506107"   ,"322.07116872371876"
"IP Per"                       ,"55.19166667" ,"32.53138889" ,"-8.348490758522695"  ,"4.227838455625617"
"IS Per"                       ,"23.04166667" ,"54.27638889" ,"57.60471120207701"   ,"60.217515322865964"
"V0369 Per"                    ,"42.82083333" ,"38.24444444" ,"76.84605519060065"   ,"219.08326558269425"
"RZ Psc"                       ,"17.42500000" ,"27.95027778" ,"58.001666636024524"  ,"240.47171878694917"
"CN Sge"                       ,"303.44166667","17.27444444" ,"31.721177609554935"  ,"259.69109205749993"
"DW Sge"                       ,"298.97500000","19.54333333" ,"-7.4687643660184415" ,"311.68743450229834"
"V1098 Sco"                    ,"243.52916667","-18.35861111","-33.36522767720792"  ,"79.47287262848208"
"XX Sct"                       ,"279.90000000","-5.28194444" ,"18.142521726988925"  ,"238.35852861934603"
"GSC 05107-00266"              ,"276.85833333","-3.42027778" ,"-9.110103687066594"  ,"275.2999130947966"
"VV Ser"                       ,"277.19583333","0.14416667"  ,"-3.103944980107612"  ,"273.79702525382334"
"DD Ser"                       ,"280.30416667","-0.03194444" ,"25.86276491638047"   ,"236.04029433075252"
"DM Ser"                       ,"277.18750000","5.23555556"  ,"0.6666398948183572"  ,"277.2219421786774"
"T Tau"                        ,"65.49583333" ,"19.53500000" ,"51.780406456191294"  ,"230.43145456654779"
"RY Tau"                       ,"65.48750000" ,"28.44305556" ,"58.911491496545345"  ,"239.87410788066063"
"VY Tau"                       ,"69.82083333" ,"22.79805556" ,"52.28165458517513"   ,"121.4664790709316"
"ZZ Tau"                       ,"67.71250000" ,"24.70611111" ,"65.6037020824129"    ,"173.72324625539483"
"AA Tau"                       ,"68.72916667" ,"24.48138889" ,"61.6765132898103"    ,"143.42163225911025"
"BM Tau"                       ,"58.62916667" ,"28.57166667" ,"-2.0020147372627908" ,"320.3218559060371"
"BP Tau"                       ,"64.81250000" ,"29.10722222" ,"53.322813865990945"  ,"252.3458853857174"
"BS Tau"                       ,"74.71250000" ,"28.52333333" ,"10.585518321283041"  ,"58.29992616514008"
"CW Tau"                       ,"63.56666667" ,"28.18250000" ,"40.64280981560397"   ,"267.77900906482205"
"DF Tau"                       ,"66.75833333" ,"25.70611111" ,"65.05282009439435"   ,"205.12248102538823"
"DG Tau"                       ,"66.76666667" ,"26.10444444" ,"65.46638854005027"   ,"205.16197681547442"
"DN Tau"                       ,"68.86250000" ,"24.24944444" ,"60.65791259482617"   ,"140.25201447473077"
"DS Tau"                       ,"71.95000000" ,"29.42000000" ,"36.82644499411514"   ,"85.75849402449893"
"FX Tau"                       ,"67.62083333" ,"24.44555556" ,"65.41831090796431"   ,"176.77232201191993"
"GK Tau"                       ,"68.39166667" ,"24.35138889" ,"63.31351608010899"   ,"152.76823728416923"
"GU Tau"                       ,"66.66250000" ,"26.17000000" ,"65.06650404205269"   ,"208.37969482157482"
"V0586 Tau"                    ,"67.47916667" ,"24.75916667" ,"65.75380553061606"   ,"181.43903165716603"
"V0587 Tau"                    ,"67.56666667" ,"24.65805556" ,"65.65252770699172"   ,"178.54102927350672"
"WW Vul"                       ,"291.49166667","21.20861111" ,"-1.6327134750854233" ,"54.236919062919135"
"CT Vul"                       ,"296.88333333","20.90472222" ,"-17.76418705822311"  ,"339.9939398397864"
"IZ Vul"                       ,"296.81666667","27.33194444" ,"-11.722146843697452" ,"342.4498624360484"
"WASP-76"                      ,"26.62916667" ,"2.70055556"  ,"-8.722756649148266"  ,"75.57242450198329"
"HAT-P-12"                     ,"209.38750000","43.49333333" ,"67.3614820905516"    ,"268.1186843202186"
"HAT-P-32"                     ,"31.04166667" ,"46.68777778" ,"5.892895798777826"   ,"4.9674542964953385"
"HAT-P-18"                     ,"256.34583333","33.01250000" ,"51.42411208645234"   ,"263.6568350830296"
"HAT-P-3"                      ,"206.09166667","48.02861111" ,"38.77325234152109"   ,"301.974194137717"
"HAT-P-38"                     ,"35.37916667" ,"32.24611111" ,"6.165860351924122"   ,"313.92623033014286"
"HD 149026"                    ,"247.62083333","38.34722222" ,"-2.6430086754040536" ,"358.842589048519"
"HAT-P-26"                     ,"213.15416667","4.06000000"  ,"40.46972367307801"   ,"147.09769869053792"
"WASP-80"                      ,"303.16666667","-1.85583333" ,"14.4279990544471"    ,"249.70011597066326"
"WASP-69"                      ,"315.02500000","-4.90583333" ,"-18.365181022133026" ,"75.84456248261812"
"WASP-52"                      ,"348.49166667","8.76111111"  ,"-3.3206409491032423" ,"287.4157314513469"
"WASP-39"                      ,"217.32500000","-2.55555556" ,"0.013183558263275736","93.91222737201996"
"WASP-67"                      ,"295.74166667","-18.05055556","-58.93643248086014"  ,"353.9356346842211"
"HS 0624+6907"                 ,"97.50833333" ,"69.08416667" ,"44.898272621187736"  ,"30.263088904505416"
"3C 273"                       ,"187.27500000","2.05222222"  ,"42.94439683388803"   ,"185.07241784357146"
"PG 1351+640"                  ,"208.31250000","63.76250000" ,"60.51186507170982"   ,"318.0092272070845"
"SW And"                       ,"5.92916667"  ,"29.40083333" ,"-8.745833214764108"  ,"20.92370416328242"
"AC And"                       ,"349.50833333","48.78277778" ,"34.47847591612744"   ,"306.9347313187895"
"XX And"                       ,"19.36250000" ,"38.95055556" ,"79.80456868076254"   ,"190.6050754409522"
"AT And"                       ,"355.62500000","43.01416667" ,"83.92010377626238"   ,"169.33054095507777"
"FF Aql"                       ,"284.55833333","17.36083333" ,"55.943669906343736"  ,"152.83723669473824"
"TT Aql"                       ,"287.05416667","1.29861111"  ,"24.33455228208901"   ,"118.837949854884"
"U Aql"                        ,"292.33750000","-6.95611111" ,"-31.941363756773153" ,"60.02277069208029"
"eta Aql"                      ,"298.11666667","1.00555556"  ,"-29.812642799521388" ,"313.6292492959327"
"SW Aqr"                       ,"318.82083333","0.07611111"  ,"-40.091969587047956" ,"13.815101147539323"
"BH Aur"                       ,"78.01666667" ,"33.96305556" ,"-4.632733141035236"  ,"18.639977116462585"
"RS Boo"                       ,"218.38750000","31.75444444" ,"15.779890111545216"  ,"59.435116492059024"
"ST Boo"                       ,"232.66250000","35.78444444" ,"56.21901197395746"   ,"263.30088584111274"
"SW Boo"                       ,"216.89166667","36.04555556" ,"32.09381349195248"   ,"70.2903281220813"
"TV Boo"                       ,"214.15000000","42.35972222" ,"62.01298333995431"   ,"88.63501749757117"
"SZ Boo"                       ,"220.55416667","28.20583333" ,"-3.1804859484277"    ,"38.236974394276324"
"TW Boo"                       ,"221.27083333","41.02888889" ,"4.820605529599105"   ,"24.890197549705007"
"UU Boo"                       ,"229.27083333","35.11555556" ,"23.50258931226681"   ,"297.1198097022931"
"UY Boo"                       ,"209.69166667","12.95166667" ,"47.43145350960163"   ,"221.63615207638307"
"TW Cap"                       ,"303.61666667","-12.16472222","10.091221230685104"  ,"237.92884516106744"
"del Cep"                      ,"337.29166667","58.41500000" ,"41.58016207353382"   ,"44.33985489092312"
"RR Cet"                       ,"23.03333333" ,"1.34166667"  ,"24.549178169752956"  ,"119.09176829771306"
"XZ Cyg"                       ,"293.12083333","56.38805556" ,"19.561017599282142"  ,"20.213538842870133"
"DM Cyg"                       ,"320.29583333","32.19111111" ,"-8.152051704338804"  ,"350.1020443485743"
"RW Dra"                       ,"248.87916667","57.83972222" ,"18.149033598126"     ,"348.7675165551401"
"XZ Dra"                       ,"287.42500000","64.85888889" ,"55.96470401191152"   ,"40.35039479522981"
"AR Her"                       ,"240.13333333","46.92361111" ,"45.28906606237619"   ,"65.1320585847705"
"DL Her"                       ,"260.09166667","14.51055556" ,"54.80485621861714"   ,"165.56166365024953"
"TW Her"                       ,"268.62916667","30.41027778" ,"-1.6655949978005085" ,"36.357259808642404"
"VX Her"                       ,"247.66666667","18.36666667" ,"-22.605827959544317" ,"357.7775646846488"
"DY Her"                       ,"247.82083333","11.99777778" ,"-28.87418215390328"  ,"355.0008687259658"
"RZ Lyr"                       ,"280.90416667","32.79805556" ,"56.689956786139895"  ,"255.69198379454426"
"AV Peg"                       ,"328.00833333","22.57472222" ,"41.04985108040557"   ,"256.9471289647873"
"RV UMa"                       ,"203.32500000","53.98722222" ,"23.61522373940398"   ,"327.42502320263293"
"alf UMi"                      ,"37.95416667" ,"89.26388889" ,"49.077620501930745"  ,"358.88335481473706"
"ASAS J182611+1212.6"          ,"276.54583333","12.20944444" ,"-0.14728437487829574","288.98473616064075"
"AG LMi"                       ,"161.20000000","33.35305556" ,"59.850980169758"     ,"251.818084264451"
"ASAS J050610+2638.7"          ,"76.54166667" ,"26.64583333" ,"-4.487271704795763"  ,"39.10704526205014"
"ASAS J193639+3933.2"          ,"294.15833333","39.55277778" ,"0.3818462615361969"  ,"15.638419403460514"
"bet Per"                      ,"47.04166667" ,"40.95555556" ,"52.59319310039005"   ,"81.92595162789557"
"CD And"                       ,"21.61666667" ,"44.35666667" ,"68.1206769799122"    ,"90.2872444706711"
"CSS_J160450.1+520159"         ,"241.20833333","52.03305556" ,"38.913866586563636"  ,"51.99787205508403"
"Dauban V239"                  ,"294.03333333","25.75277778" ,"-12.629247064598497" ,"20.53692979889114"
"Dauban V241"                  ,"295.99166667","26.34972222" ,"-14.388190238804958" ,"353.49251336328086"
"Dauban V242"                  ,"286.37916667","28.92333333" ,"51.813151297121074"  ,"105.67183314454059"
"Dauban V243"                  ,"305.82916667","21.84777778" ,"56.194506961120354"  ,"225.69173956065333"
"Dauban V244"                  ,"293.18750000","36.10361111" ,"0.6098390496757669"  ,"27.629091971213864"
"Dauban V245"                  ,"318.02500000","37.46472222" ,"-1.269350225848842"  ,"17.658933691260703"
"Dauban V246"                  ,"327.10416667","39.64472222" ,"43.217834550700836"  ,"284.6871624519915"
"Dauban V247"                  ,"32.45416667" ,"43.14138889" ,"2.953946427785984"   ,"349.83756533046363"
"DK Cam"                       ,"66.76250000" ,"71.78111111" ,"66.62728630133056"   ,"351.0377558344924"
"EE Cep"                       ,"332.34166667","55.75666667" ,"79.93129475912995"   ,"43.23083306064065"
"EL And"                       ,"21.61250000" ,"44.93694444" ,"68.38617573190017"   ,"88.88938364944498"
"EN Sge"                       ,"300.76666667","16.20083333" ,"4.974270011151703"   ,"289.0721431736552"
"FR Lac"                       ,"342.23750000","54.20972222" ,"14.47896844410691"   ,"11.501303949010568"
"GH Cam"                       ,"55.37916667" ,"67.07888889" ,"26.090371108342005"  ,"0.9324845998530744"
"HQ Cam"                       ,"95.14583333" ,"67.25638889" ,"57.549711602338625"  ,"35.837222588546865"
"KIC 10001167"                 ,"286.95416667","46.93638889" ,"56.14078453030761"   ,"73.48963683914263"
"KIC 5640750"                  ,"297.20000000","40.89222222" ,"2.58941949355373"    ,"341.2320082111143"
"KIC 7037405"                  ,"292.97500000","42.54750000" ,"7.502901569474809"   ,"27.365236149735207"
"KIC 9970396"                  ,"298.70833333","46.83277778" ,"14.411853683866184"  ,"328.4552951536186"
"KID 03644542"                 ,"291.16666667","38.76500000" ,"15.016528941929689"  ,"47.19352989060929"
"KID 07377422"                 ,"295.92916667","42.95111111" ,"2.106952532167104"   ,"355.53661869794377"
"KID 08257407"                 ,"299.02083333","44.17250000" ,"13.843699397267502"  ,"324.136900939254"
"KID 2307206"                  ,"292.37500000","37.65722222" ,"6.215777603599312"   ,"35.76337167120942"
"KID 3428468"                  ,"286.72083333","38.59555556" ,"54.495847297548345"  ,"88.58180606828037"
"KID 4659255"                  ,"293.04583333","39.72527778" ,"4.597748389982854"   ,"27.773680890976717"
"KID 8044608"                  ,"296.90000000","43.82388889" ,"4.571945692054946"   ,"345.2036327954359"
"KID 9028474"                  ,"294.15833333","45.37583333" ,"6.049039056397014"   ,"14.297511384094532"
"KL Cep"                       ,"332.59166667","54.15250000" ,"78.81547296644266"   ,"56.518454315021756"
"LL Aqr"                       ,"338.67500000","-2.40055556" ,"-13.084696470634578" ,"78.35603182899017"
"Mis V1351"                    ,"301.91666667","36.28833333" ,"30.075491979163438"  ,"292.10427209797786"
"MO Dra"                       ,"305.98750000","63.04222222" ,"71.15964616129737"   ,"326.6953981244515"
"NO Dra"                       ,"227.93333333","63.62194444" ,"33.94015906166148"   ,"330.6692978956299"
"NS Dra"                       ,"145.72500000","78.94833333" ,"47.22706627035167"   ,"16.372592537937773"
"NSV 14400"                    ,"345.65416667","58.58583333" ,"20.732970413285905"  ,"342.83537756823677"
"NSV 15581"                    ,"42.34166667" ,"60.54083333" ,"74.68447218192443"   ,"325.4933938698538"
"NSV 15635"                    ,"46.93750000" ,"52.18388889" ,"58.008349577278125"  ,"64.45278293036442"
"NSV 15666"                    ,"49.82500000" ,"45.95083333" ,"30.421817905827844"  ,"53.490433508498874"
"NSV 1853"                     ,"77.76666667" ,"44.65666667" ,"6.443465871952347"   ,"18.51796227782532"
"NSV 25882"                    ,"335.35833333","21.04805556" ,"36.84872072206959"   ,"100.25362208679256"
"NSVS 2844818"                 ,"242.79166667","68.02750000" ,"38.303230840984206"  ,"26.789867492711057"
"NT UMa"                       ,"126.15833333","72.75722222" ,"32.58789389608676"   ,"7.064928832244548"
"NU UMa"                       ,"163.25416667","57.70194444" ,"80.97640115122752"   ,"346.1624211661124"
"OV Aqr"                       ,"351.53333333","-18.62694444","4.0891056927141625"  ,"235.2263319372696"
"OY Aql"                       ,"297.98750000","11.78555556" ,"-21.034566229332555" ,"320.88995287504946"
"PQ Cam"                       ,"57.67083333" ,"67.57944444" ,"29.07674468044465"   ,"346.5436359101717"
"UCAC3 323-013086"             ,"23.40833333" ,"71.04361111" ,"55.67059078950321"   ,"29.341714184751197"
"V0347 Cam"                    ,"66.59583333" ,"79.23083333" ,"59.36308182286218"   ,"354.9463525010176"
"V0381 And"                    ,"347.23750000","38.91500000" ,"10.754522687382352"  ,"319.12202151602673"
"V0413 Ser"                    ,"278.78333333","0.04277778"  ,"12.309946701922176"  ,"255.53045991823308"
"V0425 Dra"                    ,"296.07500000","81.79222222" ,"40.866271355477174"  ,"358.4408712084335"
"V0441 Dra"                    ,"303.16250000","82.63916667" ,"51.58018455520323"   ,"349.1955307080629"
"V0457 Lac"                    ,"339.09166667","38.10500000" ,"15.045166564540365"  ,"48.33311507780639"
"V0491 Vul"                    ,"296.59166667","24.62972222" ,"-14.98912673205234"  ,"344.9319456491014"
"V0493 Sct"                    ,"277.15000000","-11.00277778","-11.932126049366355" ,"266.890528602143"
"V0498 Cam"                    ,"132.99166667","74.03166667" ,"44.47389736484207"   ,"337.553704677236"
"V0512 Cam"                    ,"154.17083333","84.53472222" ,"44.68591611372083"   ,"355.0886900228147"
"V0516 Cam"                    ,"180.17916667","77.08333333" ,"43.2428861783806"    ,"343.2571643304817"
"V0539 Lyr"                    ,"282.85833333","39.32055556" ,"77.98956569200892"   ,"220.03228166381032"
"V0698 Cyg"                    ,"299.97083333","36.27777778" ,"13.743107429729005"  ,"310.3260580824853"
"V0732 Per"                    ,"50.82916667" ,"51.39138889" ,"26.89958506403419"   ,"41.236205753293405"
"V0750 Cep"                    ,"3.70833333"  ,"71.82916667" ,"37.321219075768234"  ,"19.24882374772842"
"V0751 Per"                    ,"22.72083333" ,"53.42722222" ,"60.204781162367425"  ,"62.96862449637089"
"V0788 Cyg"                    ,"306.89166667","31.85694444" ,"71.43958689853689"   ,"206.02262345296288"
"V0798 Cep"                    ,"28.64166667" ,"79.46916667" ,"40.89009824729534"   ,"9.528530086697995"
"V0840 Her"                    ,"248.20833333","6.91194444"  ,"-33.36685342561077"  ,"347.7448198300789"
"V0850 Cep"                    ,"322.46666667","64.92111111" ,"28.951619446617716"  ,"340.27679723601847"
"V0880 Cep"                    ,"336.24583333","70.31500000" ,"51.54538360814728"   ,"30.775389774313776"
"V0888 Per"                    ,"47.40416667" ,"50.89194444" ,"53.46996071835848"   ,"64.27326251187705"
"V0898 Cep"                    ,"339.50833333","67.46611111" ,"34.90309951976486"   ,"23.925404977130214"
"V0919 Cep"                    ,"344.91666667","65.21111111" ,"25.354552068614456"  ,"350.46767586775513"
"V0921 Cep"                    ,"345.30416667","62.56805556" ,"23.571391692783497"  ,"346.93637552248805"
"V0922 Cep"                    ,"345.41250000","69.71250000" ,"30.51049765681502"   ,"348.9827387282799"
"V0957 Cep"                    ,"356.54166667","71.49861111" ,"66.42292442619457"   ,"12.073613023945292"
"V0958 Per"                    ,"67.86666667" ,"32.87000000" ,"73.41537523537417"   ,"164.6485614595242"
"V1112 Cas"                    ,"23.04166667" ,"66.58277778" ,"58.23725898054083"   ,"36.96010829803209"
"V1141 Cas"                    ,"24.57500000" ,"61.14305556" ,"47.62401213409045"   ,"43.95934362870645"
"V1160 Cas"                    ,"29.16250000" ,"72.32972222" ,"33.833340665741176"  ,"12.221047527517921"
"V1162 Cas"                    ,"32.12916667" ,"68.10416667" ,"27.302509157971183"  ,"356.19451065468843"
"V1177 Cas"                    ,"51.20833333" ,"70.55611111" ,"38.19802236194582"   ,"22.519290608095844"
"V1287 Tau"                    ,"58.27916667" ,"25.53527778" ,"-6.83804668720998"   ,"323.1024279126826"
"V1344 Her"                    ,"276.82500000","19.14250000" ,"7.754468472547246"   ,"290.352473161911"
"V1356 Tau"                    ,"76.18333333" ,"22.28555556" ,"-5.928526578964729"  ,"45.52501486726337"
"V1719 Aql"                    ,"297.68333333","1.76388889"  ,"-32.03002824426036"  ,"320.8060352362178"
"V1725 Aql"                    ,"282.29583333","0.39944444"  ,"38.88523315035456"   ,"203.92327132068715"
"V1811 Aql"                    ,"295.17500000","1.68500000"  ,"-39.11439812067637"  ,"6.722277613751614"
"V2541 Cyg"                    ,"306.04583333","48.92388889" ,"75.50833200314733"   ,"278.1026959688795"
"V2544 Cyg"                    ,"306.82083333","37.94055556" ,"76.58678503533592"   ,"218.39334037360308"
"V2618 Cyg"                    ,"319.76666667","43.76333333" ,"2.8188217572475045"  ,"357.3531064828421"
"V2636 Oph"                    ,"259.54166667","-16.73722222","24.2622831767957"    ,"179.6987591238059"
"V2638 Oph"                    ,"259.68333333","-17.06250000","23.902677948839056"  ,"177.47800921397712"
"V2642 Oph"                    ,"263.98750000","11.84472222" ,"23.957662683128806"  ,"99.71773077966863"
"V2647 Cyg"                    ,"326.76250000","50.05472222" ,"45.4757095746327"    ,"299.79416789671416"
"RU And"                       ,"24.65000000" ,"38.67027778" ,"35.984332743449976"  ,"70.01953851720684"
"ST And"                       ,"354.68750000","35.77250000" ,"73.90431387289347"   ,"219.39691223320645"
"R Aql"                        ,"286.59166667","8.23000000"  ,"33.97133325119064"   ,"120.7969537374331"
"RR Aql"                       ,"299.40000000","-0.11361111" ,"-20.33947648322449"  ,"295.03754602085314"
"R Aqr"                        ,"355.95416667","-14.71555556","26.026133103607325"  ,"173.02906116336965"
"RS Aqr"                       ,"317.74166667","-3.97222222" ,"-39.56174647439649"  ,"35.56930451036568"
"S Aur"                        ,"81.77916667" ,"34.14972222" ,"-1.561532362827943"  ,"332.53942810528036"
"Z Aur"                        ,"90.43750000" ,"53.30527778" ,"78.9521033294267"    ,"299.08209686935714"
"V Boo"                        ,"217.43750000","38.86111111" ,"29.006209858984096"  ,"62.889259927313695"
"T CVn"                        ,"187.55000000","31.50305556" ,"72.5003027596519"    ,"178.832353293092"
"V CVn"                        ,"199.86250000","45.52694444" ,"4.6315041190664195"  ,"356.41827015431517"
"R Cap"                        ,"302.82500000","-13.73250000","1.9462886175336762"  ,"246.35040035528564"
"S Cas"                        ,"19.92083333" ,"72.61111111" ,"66.23701465690432"   ,"4.42727765801993"
"Z Cas"                        ,"356.12916667","56.58111111" ,"80.64920276972995"   ,"32.41639625785914"
"SV Cas"                       ,"354.75416667","52.26222222" ,"82.00596309637395"   ,"298.4352382051287"
"S Cep"                        ,"323.80000000","78.62444444" ,"43.11671895503299"   ,"345.9250175499208"
"V CrB"                        ,"237.37916667","39.57138889" ,"68.11268074820526"   ,"104.99305791204256"
"RS Cyg"                       ,"303.34583333","38.72888889" ,"45.015835414717074"  ,"281.420127068908"
"RZ Cyg"                       ,"312.97083333","47.35555556" ,"38.25154315823741"   ,"58.613833228851355"
"LX Cyg"                       ,"328.98750000","48.34777778" ,"65.14613745150307"   ,"283.07529715764406"
"Y Del"                        ,"310.40833333","11.87722222" ,"38.5115282032688"    ,"120.96407872614691"
"T Dra"                        ,"269.09583333","58.21833333" ,"21.31114314428036"   ,"19.60234076662558"
"W Dra"                        ,"271.39166667","65.95583333" ,"24.965749290853164"  ,"0.8822025496225757"
"RS Lac"                       ,"333.21666667","43.75000000" ,"71.796398144849"     ,"97.1262271801725"
"U LMi"                        ,"148.65833333","36.08972222" ,"3.2445261015411986"  ,"33.47853416480688"
"S Lyr"                        ,"288.29583333","26.00777778" ,"31.13497275881167"   ,"85.06929465619855"
"U Lyr"                        ,"290.03750000","37.87666667" ,"23.1887951073318"    ,"58.31138131097223"
"RU Lyr"                       ,"288.08750000","41.30361111" ,"42.76398040863945"   ,"72.15274682961432"
"RV Peg"                       ,"336.40000000","30.47250000" ,"33.12879364824953"   ,"80.07897019472458"
"W Tau"                        ,"66.98750000" ,"16.04333333" ,"56.39849855941691"   ,"194.03169944072164"
"RX UMa"                       ,"138.60416667","67.26055556" ,"70.44949211914988"   ,"344.03468978514957"
"T UMi"                        ,"203.67083333","73.43111111" ,"39.50811166207499"   ,"340.91174115286094"
"RU Vir"                       ,"191.82500000","4.14472222"  ,"19.625461617519658"  ,"107.05218119470942"
"SS Vir"                       ,"186.30833333","0.76944444"  ,"39.291732646392475"  ,"203.81694574377178"
"RU Vul"                       ,"309.71666667","23.25861111" ,"53.516515639063044"  ,"122.90712265770817"
"R And"                        ,"6.00416667"  ,"38.57694444" ,"-0.13100203965948595","17.616474386185835"
"W And"                        ,"34.38333333" ,"44.30472222" ,"10.561035723279204"  ,"330.2872584925147"
"S Aql"                        ,"302.90416667","15.62055556" ,"25.26483903965404"   ,"264.8897569791831"
"V Aql"                        ,"286.10000000","-4.31527778" ,"27.003299390247673"  ,"135.63917290287435"
"R Ari"                        ,"34.02916667" ,"25.05638889" ,"-8.69935316796033"   ,"326.0030369516378"
"T Ari"                        ,"42.07916667" ,"17.50916667" ,"53.95775426444217"   ,"216.72697022500657"
"X Aur"                        ,"93.05416667" ,"50.22777778" ,"75.12304992164307"   ,"76.54857984557731"
"R Aur"                        ,"79.32083333" ,"53.58611111" ,"12.617985427668316"  ,"1.8400218299331659"
"S Boo"                        ,"215.71666667","53.81027778" ,"51.76670682717241"   ,"58.151257330085876"
"R Boo"                        ,"219.29583333","26.73638889" ,"4.4270867905074605"  ,"53.22103514199313"
"RX Boo"                       ,"216.04583333","25.70361111" ,"33.38184268431019"   ,"88.06868143597963"
"X Cam"                        ,"71.42500000" ,"75.10083333" ,"54.82352059856215"   ,"22.376608513116203"
"R Cam"                        ,"214.46250000","83.83138889" ,"53.222437764553916"  ,"7.174909738371879"
"T Cam"                        ,"70.03333333" ,"66.14666667" ,"64.19374805019372"   ,"34.58194349380024"
"U Cam"                        ,"55.45000000" ,"62.64833333" ,"21.651684674865955"  ,"0.5379124068879666"
"W Cas"                        ,"13.72083333" ,"58.56361111" ,"41.42869481192088"   ,"315.9991231465787"
"WZ Cas"                       ,"0.31250000"  ,"60.35527778" ,"49.20153175492674"   ,"45.998911260367706"
"R Cas"                        ,"359.60000000","51.38861111" ,"51.92446324803101"   ,"62.424823843849175"
"T Cas"                        ,"5.80833333"  ,"55.79250000" ,"16.96826350103909"   ,"14.774662712052594"
"V Cas"                        ,"347.91666667","59.69944444" ,"31.098556481596468"  ,"327.45864809700754"
"miu Cep"                      ,"325.87500000","58.78000000" ,"42.59002433062642"   ,"315.48900832998766"
"AR Cep"                       ,"342.88750000","85.04638889" ,"44.10868736954616"   ,"1.140367682239371"
"SS Cep"                       ,"57.37500000" ,"80.32222222" ,"40.27060742865981"   ,"354.1046901449801"
"T Cep"                        ,"317.37916667","68.49083333" ,"29.900403375558827"  ,"13.007030303214469"
"omi Cet"                      ,"34.83333333" ,"-1.02250000" ,"-25.980557643402587" ,"302.0278118685638"
"S CrB"                        ,"230.34583333","31.36722222" ,"30.840335154578554"  ,"283.7222322033762"
"R CVn"                        ,"207.23750000","39.54250000" ,"44.433169519319335"  ,"283.36588850976256"
"Y CVn"                        ,"191.27916667","45.44000000" ,"52.45015202528404"   ,"73.40955194808296"
"RU Cyg"                       ,"325.16250000","54.32444444" ,"35.244268096812995"  ,"314.6903900709132"
"TU Cyg"                       ,"296.54166667","49.07333333" ,"8.954309218678446"   ,"349.93028101848154"
"TZ Cyg"                       ,"289.01666667","50.16000000" ,"39.41964452654696"   ,"55.289089314441334"
"Z Cyg"                        ,"300.36250000","50.04222222" ,"26.9039818870576"    ,"316.59015974119654"
"AF Cyg"                       ,"292.55000000","46.14777778" ,"12.741257964656068"  ,"29.909333080785686"
"khi Cyg"                      ,"297.63750000","32.91388889" ,"-3.3463826704956077" ,"333.75669587241106"
"R Cyg"                        ,"294.20416667","50.19972222" ,"10.64034249607783"   ,"12.730440291637077"
"RT Cyg"                       ,"295.90416667","48.77805556" ,"7.902742457618652"   ,"356.19519425783017"
"U Cyg"                        ,"304.90000000","47.89416667" ,"64.17682182788684"   ,"282.64543975741725"
"V Cyg"                        ,"310.32500000","48.14111111" ,"62.529895353073066"  ,"75.61719246198288"
"W Cyg"                        ,"324.00833333","45.37444444" ,"21.05039185509385"   ,"316.026191972117"
"WX Cyg"                       ,"304.63750000","37.44972222" ,"56.94157321819062"   ,"266.0795957079803"
"S Del"                        ,"310.76666667","17.08805556" ,"39.49150267206229"   ,"111.56932482402443"
"EU Del"                       ,"309.47500000","18.26833333" ,"51.255114248131086"  ,"132.07848371309942"
"U Del"                        ,"311.36666667","18.09000000" ,"34.606348939823626"  ,"102.63494598894448"
"R Dra"                        ,"248.16666667","66.75472222" ,"25.988592204350454"  ,"355.774086738478"
"RY Dra"                       ,"194.10416667","65.99416667" ,"40.4622030950224"    ,"31.906079271072503"
"TX Dra"                       ,"248.75000000","60.46805556" ,"20.477197769412523"  ,"350.43402309652265"
"SX Her"                       ,"241.86250000","24.90805556" ,"15.365060619979637"  ,"69.53434448101261"
"W Her"                        ,"248.80000000","37.34527778" ,"-1.996975994906667"  ,"344.8643689009299"
"alf Her"                      ,"258.65833333","14.39027778" ,"53.78876174293356"   ,"201.5804575551059"
"g Her"                        ,"247.15833333","41.88166667" ,"1.0088109349132437"  ,"4.065382246443117"
"RS Her"                       ,"260.42500000","22.92083333" ,"61.811838872780065"  ,"152.8450501325"
"RU Her"                       ,"242.55833333","25.07055556" ,"9.243014949831961"   ,"62.14932382615457"
"S Her"                        ,"252.97083333","14.94166667" ,"5.932266494765753"   ,"285.997100730461"
"T Her"                        ,"272.27500000","31.02111111" ,"-9.346909257009715"  ,"350.21308581092"
"U Her"                        ,"246.44583333","18.89222222" ,"-20.600657896420103" ,"16.32936710541937"
"X Her"                        ,"240.66250000","47.24027778" ,"40.810377697135586"  ,"60.97017568363733"
"W Lyr"                        ,"273.72916667","36.67027778" ,"0.5669691693474437"  ,"334.0215203040864"
"R Lyr"                        ,"283.83333333","43.94583333" ,"84.0149880071054"    ,"145.86024808684996"
"X Oph"                        ,"279.58750000","8.83388889"  ,"26.71409186994799"   ,"251.5257498551817"
"R Peg"                        ,"346.66250000","10.54333333" ,"-17.515450744305145" ,"310.95888609231747"
"W Peg"                        ,"349.95833333","26.27861111" ,"23.64728845526589"   ,"283.47300369334675"
"rho Per"                      ,"46.29166667" ,"38.84027778" ,"58.85023503157069"   ,"93.16597855992418"
"U Per"                        ,"29.89583333" ,"54.82194444" ,"15.822976201791947"  ,"14.322377414254449"
"W Per"                        ,"42.65416667" ,"56.98333333" ,"78.84586072673754"   ,"320.59147696280564"
"Y Per"                        ,"51.92500000" ,"44.17666667" ,"14.425837328217655"  ,"36.78631988724896"
"S Per"                        ,"35.71250000" ,"58.58638889" ,"29.212385228507824"  ,"327.9026282996281"
"R Ser"                        ,"237.67083333","15.13361111" ,"47.12074866014457"   ,"130.84629228450285"
"R Tri"                        ,"39.25833333" ,"34.26416667" ,"41.521902232233096"  ,"277.33461244220024"
"RS UMa"                       ,"189.73750000","58.48333333" ,"68.47723170303941"   ,"51.32621527641097"
"S UMa"                        ,"190.98333333","61.09305556" ,"58.90446869445138"   ,"47.44708277754347"
"R UMa"                        ,"161.15833333","68.77555556" ,"63.761909030019254"  ,"331.6348189530022"
"RY UMa"                       ,"185.11250000","61.30944444" ,"66.40111984880471"   ,"314.97426018569354"
"ST UMa"                       ,"171.95833333","45.18500000" ,"15.075633101546243"  ,"35.90833061705953"
"T UMa"                        ,"189.09583333","59.48666667" ,"72.83111858668063"   ,"43.51930044686268"
"VW UMa"                       ,"164.75416667","69.98888889" ,"67.23212229829626"   ,"16.272095341493404"
"VY UMa"                       ,"161.26666667","67.41138889" ,"64.97560697694696"   ,"329.62540150333496"
"Z UMa"                        ,"179.12500000","57.87138889" ,"25.736304423438963"  ,"331.4545631368089"
"S UMi"                        ,"232.39166667","78.63333333" ,"55.9091923182203"    ,"345.10745886765505"
"U UMi"                        ,"214.32916667","66.79416667" ,"62.30827063465396"   ,"34.6424216572521"
"R Vir"                        ,"189.62083333","6.98833333"  ,"40.33102718786759"   ,"137.17062846910508"
"S Vir"                        ,"203.25000000","-6.80555556" ,"-27.035534602798656" ,"292.5976435646976"
"R Vul"                        ,"316.09166667","23.82166667" ,"-3.96194193975317"   ,"45.83068441869251"
"T Cet"                        ,"5.44166667"  ,"-19.94222222","-51.70744879980088"  ,"51.82581484056328"
"Y Cyg"                        ,"313.01250000","34.65750000" ,"30.067917569748708"  ,"70.39149693279106"
"V2487 Oph"                    ,"262.99583333","-18.76805556","7.976472802508338"   ,"131.0253578019845"
"V1687 Cyg"                    ,"305.11250000","43.85444444" ,"64.80792839635355"   ,"272.0321845794727"
"KIC 08462852"                 ,"301.56250000","44.45666667" ,"32.24045060562813"   ,"302.45121447668873"
"RR Lyr"                       ,"291.36250000","42.78416667" ,"16.831570043360443"  ,"42.805756273933746"
"V2492 Cyg"                    ,"312.85833333","44.08972222" ,"37.34713095797634"   ,"62.8561306490402"
"eps Aur"                      ,"75.49166667" ,"43.82305556" ,"16.812504534754368"  ,"40.97627212977189"
"P Cyg"                        ,"304.44583333","38.03277778" ,"55.38338967735893"   ,"269.2324694211176"
"AG Peg"                       ,"327.75416667","12.62555556" ,"31.202946397919444"  ,"252.10634485332957"
"AG Dra"                       ,"240.42083333","66.80277778" ,"50.103210027148954"  ,"36.068148216350345"
"R Aqr"                        ,"355.95416667","-14.71555556","26.026133103607325"  ,"173.02906116336965"
"CH Cyg"                       ,"291.13750000","50.24138889" ,"24.080502424561892"  ,"39.705023345578866"
"AG Dra"                       ,"240.42083333","66.80277778" ,"50.103210027148954"  ,"36.068148216350345"
"AG Dra"                       ,"240.42083333","66.80277778" ,"50.103210027148954"  ,"36.068148216350345"
"AG Dra"                       ,"240.42083333","66.80277778" ,"50.103210027148954"  ,"36.068148216350345"
"AG Dra"                       ,"240.42083333","66.80277778" ,"50.103210027148954"  ,"36.068148216350345"
"CH Cyg"                       ,"291.13750000","50.24138889" ,"24.080502424561892"  ,"39.705023345578866"
"CH Cyg"                       ,"291.13750000","50.24138889" ,"24.080502424561892"  ,"39.705023345578866"
"CH Cyg"                       ,"291.13750000","50.24138889" ,"24.080502424561892"  ,"39.705023345578866"
"AG Peg"                       ,"327.75416667","12.62555556" ,"31.202946397919444"  ,"252.10634485332957"
"AG Peg"                       ,"327.75416667","12.62555556" ,"31.202946397919444"  ,"252.10634485332957"
"AG Peg"                       ,"327.75416667","12.62555556" ,"31.202946397919444"  ,"252.10634485332957"
"AG Peg"                       ,"327.75416667","12.62555556" ,"31.202946397919444"  ,"252.10634485332957"
"KIC 08462852"                 ,"301.56250000","44.45666667" ,"32.24045060562813"   ,"302.45121447668873"
"KIC 08462852"                 ,"301.56250000","44.45666667" ,"32.24045060562813"   ,"302.45121447668873"
"KIC 08462852"                 ,"301.56250000","44.45666667" ,"32.24045060562813"   ,"302.45121447668873"
"R Aqr"                        ,"355.95416667","-14.71555556","26.026133103607325"  ,"173.02906116336965"
"R Aqr"                        ,"355.95416667","-14.71555556","26.026133103607325"  ,"173.02906116336965"
"R Aqr"                        ,"355.95416667","-14.71555556","26.026133103607325"  ,"173.02906116336965"
"R Aqr"                        ,"355.95416667","-14.71555556","26.026133103607325"  ,"173.02906116336965"
"RW Aur"                       ,"76.95416667" ,"30.40138889" ,"-3.4833107449708267" ,"32.56234480828478"
"RW Aur"                       ,"76.95416667" ,"30.40138889" ,"-3.4833107449708267" ,"32.56234480828478"
"RW Aur"                       ,"76.95416667" ,"30.40138889" ,"-3.4833107449708267" ,"32.56234480828478"
"RW Aur"                       ,"76.95416667" ,"30.40138889" ,"-3.4833107449708267" ,"32.56234480828478"
"V1687 Cyg"                    ,"305.11250000","43.85444444" ,"64.80792839635355"   ,"272.0321845794727"
"V1687 Cyg"                    ,"305.11250000","43.85444444" ,"64.80792839635355"   ,"272.0321845794727"
"V1687 Cyg"                    ,"305.11250000","43.85444444" ,"64.80792839635355"   ,"272.0321845794727"
"V1687 Cyg"                    ,"305.11250000","43.85444444" ,"64.80792839635355"   ,"272.0321845794727"
"V2487 Oph"                    ,"262.99583333","-18.76805556","7.976472802508338"   ,"131.0253578019845"
"V2492 Cyg"                    ,"312.85833333","44.08972222" ,"37.34713095797634"   ,"62.8561306490402"
"V2492 Cyg"                    ,"312.85833333","44.08972222" ,"37.34713095797634"   ,"62.8561306490402"
"V2492 Cyg"                    ,"312.85833333","44.08972222" ,"37.34713095797634"   ,"62.8561306490402"
"V2492 Cyg"                    ,"312.85833333","44.08972222" ,"37.34713095797634"   ,"62.8561306490402"
"eps Aur"                      ,"75.49166667" ,"43.82305556" ,"16.812504534754368"  ,"40.97627212977189"
"eps Aur"                      ,"75.49166667" ,"43.82305556" ,"16.812504534754368"  ,"40.97627212977189"
"eps Aur"                      ,"75.49166667" ,"43.82305556" ,"16.812504534754368"  ,"40.97627212977189"
"eps Aur"                      ,"75.49166667" ,"43.82305556" ,"16.812504534754368"  ,"40.97627212977189"
"RW Aur"                       ,"76.95416667" ,"30.40138889" ,"-3.4833107449708267" ,"32.56234480828478"
"V2500 Oph"                    ,"269.45000000","4.69333333"  ,"-29.88067379588132"  ,"36.407650764638724"
"CH Cyg"                       ,"291.13750000","50.24138889" ,"24.080502424561892"  ,"39.705023345578866"
"DDE 48"                       ,"311.54583333","24.34916667" ,"37.36238337887872"   ,"95.02817824471613"
"V1117 Her"                    ,"249.77500000","9.79861111"  ,"-24.133499522064984" ,"323.09601075850725"
"V1117 Her"                    ,"249.77500000","9.79861111"  ,"-24.133499522064984" ,"323.09601075850725"
"V1117 Her"                    ,"249.77500000","9.79861111"  ,"-24.133499522064984" ,"323.09601075850725"
"V1117 Her"                    ,"249.77500000","9.79861111"  ,"-24.133499522064984" ,"323.09601075850725"
"V404 Cyg"                     ,"306.01250000","33.86722222" ,"67.41443239146494"   ,"236.36680371199006"
"VV Cep"                       ,"329.16250000","63.62555556" ,"66.02382213549639"   ,"320.7066950175181"
"VV Cep"                       ,"329.16250000","63.62555556" ,"66.02382213549639"   ,"320.7066950175181"
"VV Cep"                       ,"329.16250000","63.62555556" ,"66.02382213549639"   ,"320.7066950175181"
"FO Aqr"                       ,"334.47916667","-7.64916667" ,"21.377475800909984"  ,"131.92688401201826"
"FO Aqr"                       ,"334.47916667","-7.64916667" ,"21.377475800909984"  ,"131.92688401201826"
"CI Aql"                       ,"283.01250000","-0.52250000" ,"40.03904154663949"   ,"190.0138366818703"
"CI Aql"                       ,"283.01250000","-0.52250000" ,"40.03904154663949"   ,"190.0138366818703"
"CI Aql"                       ,"283.01250000","-0.52250000" ,"40.03904154663949"   ,"190.0138366818703"
"R Aqr"                        ,"355.95416667","-14.71555556","26.026133103607325"  ,"173.02906116336965"
"R Aqr"                        ,"355.95416667","-14.71555556","26.026133103607325"  ,"173.02906116336965"
"R Aqr"                        ,"355.95416667","-14.71555556","26.026133103607325"  ,"173.02906116336965"
"ST Tri"                       ,"40.38333333" ,"35.72527778" ,"53.44741336728926"   ,"266.71833199495586"
"MASTER OT J132104.04+560957.8","200.26666667","56.16583333" ,"15.57641203885951"   ,"353.5755449364334"
"TT Ari"                       ,"31.72083333" ,"15.29472222" ,"-25.651083331701827" ,"356.8171995589653"
"TT Ari"                       ,"31.72083333" ,"15.29472222" ,"-25.651083331701827" ,"356.8171995589653"
"TT Ari"                       ,"31.72083333" ,"15.29472222" ,"-25.651083331701827" ,"356.8171995589653"
"AK Cep"                       ,"337.20833333","58.21083333" ,"42.05899685378129"   ,"45.002012307996715"
"BW Cyg"                       ,"308.59583333","58.76472222" ,"76.45118904691154"   ,"37.864498295963244"
"b Per"                        ,"64.55833333" ,"50.29527778" ,"61.61259570788115"   ,"289.7478475036243"
"ASASSN-18ca"                  ,"10.64166667" ,"40.74055556" ,"8.754032523089196"   ,"326.033479549251"
"ASASSN-18ca"                  ,"10.64166667" ,"40.74055556" ,"8.754032523089196"   ,"326.033479549251"
"ASASSN-18ca"                  ,"10.64166667" ,"40.74055556" ,"8.754032523089196"   ,"326.033479549251"
"SU UMa"                       ,"123.11666667","62.60611111" ,"33.21132513449148"   ,"30.180974421602247"
"SU UMa"                       ,"123.11666667","62.60611111" ,"33.21132513449148"   ,"30.180974421602247"
"SU UMa"                       ,"123.11666667","62.60611111" ,"33.21132513449148"   ,"30.180974421602247"
"SU UMa"                       ,"123.11666667","62.60611111" ,"33.21132513449148"   ,"30.180974421602247"
"SU UMa"                       ,"123.11666667","62.60611111" ,"33.21132513449148"   ,"30.180974421602247"
"SU UMa"                       ,"123.11666667","62.60611111" ,"33.21132513449148"   ,"30.180974421602247"
"SU UMa"                       ,"123.11666667","62.60611111" ,"33.21132513449148"   ,"30.180974421602247"
"SU UMa"                       ,"123.11666667","62.60611111" ,"33.21132513449148"   ,"30.180974421602247"
"CR Boo"                       ,"207.22916667","7.95972222"  ,"22.658963606436103"  ,"255.43292242246753"
"CR Boo"                       ,"207.22916667","7.95972222"  ,"22.658963606436103"  ,"255.43292242246753"
"CR Boo"                       ,"207.22916667","7.95972222"  ,"22.658963606436103"  ,"255.43292242246753"
"CR Boo"                       ,"207.22916667","7.95972222"  ,"22.658963606436103"  ,"255.43292242246753"
"CR Boo"                       ,"207.22916667","7.95972222"  ,"22.658963606436103"  ,"255.43292242246753"
"CR Boo"                       ,"207.22916667","7.95972222"  ,"22.658963606436103"  ,"255.43292242246753"
"CR Boo"                       ,"207.22916667","7.95972222"  ,"22.658963606436103"  ,"255.43292242246753"
"CR Boo"                       ,"207.22916667","7.95972222"  ,"22.658963606436103"  ,"255.43292242246753"
"SDSS J153817.35+512338.0"     ,"234.57083333","51.39388889" ,"80.56999489942346"   ,"290.1016997056944"
"ASASSN-18ey"                  ,"275.08750000","7.18527778"  ,"-17.03832365106947"  ,"303.50071930037154"
"ASASSN-18ey"                  ,"275.08750000","7.18527778"  ,"-17.03832365106947"  ,"303.50071930037154"
"ASASSN-18ey"                  ,"275.08750000","7.18527778"  ,"-17.03832365106947"  ,"303.50071930037154"
"ASASSN-18ey"                  ,"275.08750000","7.18527778"  ,"-17.03832365106947"  ,"303.50071930037154"
"MAXI J1820+070"               ,"275.08750000","7.18527778"  ,"-17.03832365106947"  ,"303.50071930037154"
"MAXI J1820+070"               ,"275.08750000","7.18527778"  ,"-17.03832365106947"  ,"303.50071930037154"
"MAXI J1820+070"               ,"275.08750000","7.18527778"  ,"-17.03832365106947"  ,"303.50071930037154"
"MAXI J1820+070"               ,"275.08750000","7.18527778"  ,"-17.03832365106947"  ,"303.50071930037154"
"N Sgr 2018"                   ,"271.03750000","-17.93472222","-58.381115923475804" ,"13.286853072347395"
"N Sgr 2018"                   ,"271.03750000","-17.93472222","-58.381115923475804" ,"13.286853072347395"
"N Sgr 2018"                   ,"271.03750000","-17.93472222","-58.381115923475804" ,"13.286853072347395"
"N Sgr 2018"                   ,"271.03750000","-17.93472222","-58.381115923475804" ,"13.286853072347395"
"N Sgr 2018"                   ,"271.03750000","-17.93472222","-58.381115923475804" ,"13.286853072347395"
"NSVS J1444107-074451"         ,"221.04166667","-6.25305556" ,"-36.98267731560944"  ,"48.81552701411265"
"NSVS J1444107-074451"         ,"221.04166667","-6.25305556" ,"-36.98267731560944"  ,"48.81552701411265"
"V392 Per"                     ,"70.83750000" ,"47.35694444" ,"57.401527996275476"  ,"73.60393554260692"
"V392 Per"                     ,"70.83750000" ,"47.35694444" ,"57.401527996275476"  ,"73.60393554260692"
"V392 Per"                     ,"70.83750000" ,"47.35694444" ,"57.401527996275476"  ,"73.60393554260692"
"V392 Per"                     ,"70.83750000" ,"47.35694444" ,"57.401527996275476"  ,"73.60393554260692"
"V392 Per"                     ,"70.83750000" ,"47.35694444" ,"57.401527996275476"  ,"73.60393554260692"
"SDSS J141118.31+481257.6"     ,"212.82500000","48.21583333" ,"77.09413526050871"   ,"86.080610226619"
"SDSS J141118.31+481257.6"     ,"212.82500000","48.21583333" ,"77.09413526050871"   ,"86.080610226619"
"SDSS J141118.31+481257.6"     ,"212.82500000","48.21583333" ,"77.09413526050871"   ,"86.080610226619"
"SDSS J141118.31+481257.6"     ,"212.82500000","48.21583333" ,"77.09413526050871"   ,"86.080610226619"
"SDSS J141118.31+481257.6"     ,"212.82500000","48.21583333" ,"77.09413526050871"   ,"86.080610226619"
"N Sct 2018"                   ,"277.34166667","-13.48777778","-11.901286831730069" ,"263.0573449073124"
"N Sct 2018"                   ,"277.34166667","-13.48777778","-11.901286831730069" ,"263.0573449073124"
"N Sct 2018"                   ,"277.34166667","-13.48777778","-11.901286831730069" ,"263.0573449073124"
"N Sct 2018"                   ,"277.34166667","-13.48777778","-11.901286831730069" ,"263.0573449073124"
"N Sct 2018"                   ,"277.34166667","-13.48777778","-11.901286831730069" ,"263.0573449073124"
"V1490 Cyg"                    ,"312.72083333","44.35000000" ,"38.70544515210876"   ,"63.66652978892128"
"V1490 Cyg"                    ,"312.72083333","44.35000000" ,"38.70544515210876"   ,"63.66652978892128"
"V1490 Cyg"                    ,"312.72083333","44.35000000" ,"38.70544515210876"   ,"63.66652978892128"
"V1490 Cyg"                    ,"312.72083333","44.35000000" ,"38.70544515210876"   ,"63.66652978892128"
"V1490 Cyg"                    ,"312.72083333","44.35000000" ,"38.70544515210876"   ,"63.66652978892128"
"ASASSN-18pe"                  ,"258.83750000","6.00777778"  ,"46.13556284274427"   ,"194.8336288047758"
"ASASSN-18pe"                  ,"258.83750000","6.00777778"  ,"46.13556284274427"   ,"194.8336288047758"
"ASASSN-18pe"                  ,"258.83750000","6.00777778"  ,"46.13556284274427"   ,"194.8336288047758"
"ASASSN-18pe"                  ,"258.83750000","6.00777778"  ,"46.13556284274427"   ,"194.8336288047758"
"ASASSN-18pe"                  ,"258.83750000","6.00777778"  ,"46.13556284274427"   ,"194.8336288047758"
"YZ Cet"                       ,"18.12500000" ,"-15.00111111","23.353893307602775"  ,"202.11174698822833"
"GJ 54.1"                      ,"18.12500000" ,"-15.00111111","23.353893307602775"  ,"202.11174698822833"
"TY Cas"                       ,"9.24583333"  ,"63.13361111" ,"23.980917605564294"  ,"347.54630115194266"
"TY Cas"                       ,"9.24583333"  ,"63.13361111" ,"23.980917605564294"  ,"347.54630115194266"
"FI Per"                       ,"58.73333333" ,"48.60027778" ,"16.06470970798148"   ,"329.15502186848016"
"FI Per"                       ,"58.73333333" ,"48.60027778" ,"16.06470970798148"   ,"329.15502186848016"
"CI Cyg"                       ,"297.54583333","35.68416667" ,"-1.1242425995642946" ,"335.76488369027135"
"CT Lac"                       ,"331.66250000","48.45166667" ,"88.51063777288428"   ,"110.81041455814672"
"N Oph 2018 No. 3"             ,"265.60000000","-19.11444444","-15.052430115215989" ,"101.97538100582354"
"N Oph 2018 No. 3"             ,"265.60000000","-19.11444444","-15.052430115215989" ,"101.97538100582354"
"N Oph 2018 No. 3"             ,"265.60000000","-19.11444444","-15.052430115215989" ,"101.97538100582354"
"N Oph 2018 No. 3"             ,"265.60000000","-19.11444444","-15.052430115215989" ,"101.97538100582354"
"N Oph 2018 No. 3"             ,"265.60000000","-19.11444444","-15.052430115215989" ,"101.97538100582354"
"ASASSN-V J195442.95+172212.6" ,"298.67500000","17.37000000" ,"-11.502905156505678" ,"314.3056056351779"
"ASASSN-V J195442.95+172212.6" ,"298.67500000","17.37000000" ,"-11.502905156505678" ,"314.3056056351779"
"ASASSN-V J195442.95+172212.6" ,"298.67500000","17.37000000" ,"-11.502905156505678" ,"314.3056056351779"
"ASASSN-V J195442.95+172212.6" ,"298.67500000","17.37000000" ,"-11.502905156505678" ,"314.3056056351779"
"ASASSN-V J195442.95+172212.6" ,"298.67500000","17.37000000" ,"-11.502905156505678" ,"314.3056056351779"
"GK Per"                       ,"52.80000000" ,"43.90416667" ,"9.540103999720246"   ,"28.53928462824577"
"GK Per"                       ,"52.80000000" ,"43.90416667" ,"9.540103999720246"   ,"28.53928462824577"
"GK Per"                       ,"52.80000000" ,"43.90416667" ,"9.540103999720246"   ,"28.53928462824577"
"GK Per"                       ,"52.80000000" ,"43.90416667" ,"9.540103999720246"   ,"28.53928462824577"
"GK Per"                       ,"52.80000000" ,"43.90416667" ,"9.540103999720246"   ,"28.53928462824577"
"EN Sgr"                       ,"290.67500000","-12.00111111","-20.34164744820676"  ,"84.9246332291443"
"EN Sgr"                       ,"290.67500000","-12.00111111","-20.34164744820676"  ,"84.9246332291443"
"GAIA DR2 4150099732733146112" ,"269.92916667","-12.02444444","-48.06202594781791"  ,"36.3644747387087"
"GAIA DR2 4150099732733146112" ,"269.92916667","-12.02444444","-48.06202594781791"  ,"36.3644747387087"
"GAIA DR2 4150446010182968192" ,"269.01666667","-12.83250000","-42.41601266550379"  ,"53.668139674221536"
"GAIA DR2 4150446010182968192" ,"269.01666667","-12.83250000","-42.41601266550379"  ,"53.668139674221536"
"FASTT 1100"                   ,"268.43750000","-0.87055556" ,"-27.7021287766319"   ,"54.70021677546501"
"FASTT 1100"                   ,"268.43750000","-0.87055556" ,"-27.7021287766319"   ,"54.70021677546501"
"GAIA DR2 4168021909706732672" ,"261.35833333","-6.19250000" ,"29.79726604890232"   ,"148.01851363680416"
"GAIA DR2 4168021909706732672" ,"261.35833333","-6.19250000" ,"29.79726604890232"   ,"148.01851363680416"
"V2525 Oph"                    ,"258.77083333","-8.60277778" ,"31.551505845018685"  ,"193.1127829112241"
"V2525 Oph"                    ,"258.77083333","-8.60277778" ,"31.551505845018685"  ,"193.1127829112241"
"SS 295"                       ,"256.90833333","-6.25333333" ,"25.029363333653095"  ,"223.91414882081355"
"SS 295"                       ,"256.90833333","-6.25333333" ,"25.029363333653095"  ,"223.91414882081355"
"GAIA DR2 4334886650491663104" ,"256.53333333","-9.02444444" ,"19.942236950835635"  ,"227.79959086430577"
"GAIA DR2 4334886650491663104" ,"256.53333333","-9.02444444" ,"19.942236950835635"  ,"227.79959086430577"
"GAIA DR2 4131587500273361280" ,"249.99583333","-17.25611111","-46.35197723335237"  ,"303.4281711855304"
"GAIA DR2 4131587500273361280" ,"249.99583333","-17.25611111","-46.35197723335237"  ,"303.4281711855304"
"LQ Peg"                       ,"324.07916667","11.68166667" ,"-4.831679747146693"  ,"294.0141268799292"
"LQ Peg"                       ,"324.07916667","11.68166667" ,"-4.831679747146693"  ,"294.0141268799292"
"UU Aqr"                       ,"332.27083333","-2.22861111" ,"37.855739050008246"  ,"165.73873553044857"
"UU Aqr"                       ,"332.27083333","-2.22861111" ,"37.855739050008246"  ,"165.73873553044857"
"V378 Peg"                     ,"355.01666667","30.29638889" ,"70.42939432835401"   ,"199.9002631578673"
"V378 Peg"                     ,"355.01666667","30.29638889" ,"70.42939432835401"   ,"199.9002631578673"
"M31_V1"                       ,"10.36250000" ,"41.16944444" ,"7.659403491735521"   ,"329.06206387165355"
"MRK 421"                      ,"166.11250000","38.20861111" ,"60.2598916654218"    ,"96.48834821261791"
"BL Lac"                       ,"330.67916667","42.27750000" ,"78.91423744342865"   ,"237.43160003585888"
"XZ Tau"                       ,"67.91666667" ,"18.23250000" ,"58.86332012583407"   ,"169.09454279051775"
"XZ Tau"                       ,"67.91666667" ,"18.23250000" ,"58.86332012583407"   ,"169.09454279051775"
"XZ Tau"                       ,"67.91666667" ,"18.23250000" ,"58.86332012583407"   ,"169.09454279051775"
"HL Tau"                       ,"67.90833333" ,"18.23277778" ,"58.87895047625209"   ,"169.32220119227466"
"HL Tau"                       ,"67.90833333" ,"18.23277778" ,"58.87895047625209"   ,"169.32220119227466"
"HL Tau"                       ,"67.90833333" ,"18.23277778" ,"58.87895047625209"   ,"169.32220119227466"
"V349 Vul"                     ,"292.79166667","23.50916667" ,"-8.81467134266463"   ,"37.46988204739795"
"V349 Vul"                     ,"292.79166667","23.50916667" ,"-8.81467134266463"   ,"37.46988204739795"
"RT Aql"                       ,"294.50416667","11.72166667" ,"-27.798073824512336" ,"16.955231329591438"
"RT Aql"                       ,"294.50416667","11.72166667" ,"-27.798073824512336" ,"16.955231329591438"
"V353 Vul"                     ,"297.34166667","22.62750000" ,"-14.347883454465883" ,"334.10140722883415"
"V353 Vul"                     ,"297.34166667","22.62750000" ,"-14.347883454465883" ,"334.10140722883415"
"V1301 Cyg"                    ,"300.55000000","37.63472222" ,"19.26795170970069"   ,"305.7214406248878"
"V1301 Cyg"                    ,"300.55000000","37.63472222" ,"19.26795170970069"   ,"305.7214406248878"
"SX Cyg"                       ,"303.88750000","31.07222222" ,"45.69452640764016"   ,"267.00139004986545"
"SX Cyg"                       ,"303.88750000","31.07222222" ,"45.69452640764016"   ,"267.00139004986545"
"AU Cyg"                       ,"304.63333333","34.38916667" ,"55.08797275310482"   ,"261.7196182010997"
"AU Cyg"                       ,"304.63333333","34.38916667" ,"55.08797275310482"   ,"261.7196182010997"
"V1655 Cyg"                    ,"306.35000000","38.70972222" ,"73.73645465479035"   ,"237.3467946522536"
"V1655 Cyg"                    ,"306.35000000","38.70972222" ,"73.73645465479035"   ,"237.3467946522536"
"V1659 Cyg"                    ,"307.27083333","39.71250000" ,"80.33135408930228"   ,"197.55475138509303"
"V1659 Cyg"                    ,"307.27083333","39.71250000" ,"80.33135408930228"   ,"197.55475138509303"
"NSVS J2041274+511326"         ,"310.36250000","51.22500000" ,"62.97657398611035"   ,"68.90182143050147"
"NSVS J2041274+511326"         ,"310.36250000","51.22500000" ,"62.97657398611035"   ,"68.90182143050147"
"DR Cyg"                       ,"310.92083333","38.16527778" ,"52.29325834552451"   ,"87.022577407014"
"DR Cyg"                       ,"310.92083333","38.16527778" ,"52.29325834552451"   ,"87.022577407014"
"V750 Cyg"                     ,"312.33750000","50.53083333" ,"45.22899760816312"   ,"59.25909664185175"
"V750 Cyg"                     ,"312.33750000","50.53083333" ,"45.22899760816312"   ,"59.25909664185175"
"W Cep"                        ,"339.11250000","58.42583333" ,"30.27103479091616"   ,"33.6761578389187"
"W Cep"                        ,"339.11250000","58.42583333" ,"30.27103479091616"   ,"33.6761578389187"
"AL Cep"                       ,"342.31666667","58.58527778" ,"18.603947453330864"  ,"9.831671018116065"
"AL Cep"                       ,"342.31666667","58.58527778" ,"18.603947453330864"  ,"9.831671018116065"
"VX Cep"                       ,"342.70416667","64.25138889" ,"23.658384692786413"  ,"5.787585073145377"
"VX Cep"                       ,"342.70416667","64.25138889" ,"23.658384692786413"  ,"5.787585073145377"
"FY Aql"                       ,"292.00000000","3.69944444"  ,"-20.290638506835396" ,"57.98264593528401"
"V657 Cas"                     ,"358.01666667","61.80333333" ,"65.6952043183302"    ,"44.22239825161735"
"V657 Cas"                     ,"358.01666667","61.80333333" ,"65.6952043183302"    ,"44.22239825161735"
"V850 Cas"                     ,"354.41250000","58.84611111" ,"76.17716340444659"   ,"321.6515638215473"
"V850 Cas"                     ,"354.41250000","58.84611111" ,"76.17716340444659"   ,"321.6515638215473"
"V818 Sco"                     ,"244.97916667","-14.35972222","-43.39101705658004"  ,"55.43808698388102"
"2MASS J16194990-1537248"      ,"244.95416667","-14.37666667","-43.201944145869746" ,"55.86491478282403"
"U Sco"                        ,"245.62500000","-16.12166667","-49.786289604612655" ,"45.16530962455477"
"U Sco"                        ,"245.62500000","-16.12166667","-49.786289604612655" ,"45.16530962455477"
"U Sco"                        ,"245.62500000","-16.12166667","-49.786289604612655" ,"45.16530962455477"
"U Sco"                        ,"245.62500000","-16.12166667","-49.786289604612655" ,"45.16530962455477"
"U Sco"                        ,"245.62500000","-16.12166667","-49.786289604612655" ,"45.16530962455477"
"R Aqr"                        ,"355.95416667","-14.71555556","26.026133103607325"  ,"173.02906116336965"
"T Peg"                        ,"332.22500000","12.54000000" ,"52.511280353048505"  ,"162.94432897736976"
"CRTS J105122.8+672528"        ,"162.84166667","67.42444444" ,"70.86527744507026"   ,"348.0145164135422"
"CRTS J105122.8+672528"        ,"162.84166667","67.42444444" ,"70.86527744507026"   ,"348.0145164135422"
"V386 Ser"                     ,"242.63750000","-0.96027778" ,"-11.61963455605563"  ,"77.85023165134893"
"V386 Ser"                     ,"242.63750000","-0.96027778" ,"-11.61963455605563"  ,"77.85023165134893"
"KIC 2856960"                  ,"292.37916667","38.07638889" ,"6.558629980323365"   ,"35.51568888512234"
"KIC 2856960"                  ,"292.37916667","38.07638889" ,"6.558629980323365"   ,"35.51568888512234"
"KIC 2856960"                  ,"292.37916667","38.07638889" ,"6.558629980323365"   ,"35.51568888512234"
